{
    "1": 0.026833088492499647,
    "2": 0.062985088437232,
    "3": 0.062985088437232,
    "4": 0.062985088437232,
    "5": 0.062985088437232,
    "6": 0.062985088437232,
    "7": 0.062985088437232,
    "8": 0.062985088437232,
    "9": 0.062985088437232,
    "10": 0.062985088437232,
    "11": 0.062985088437232,
    "12": 0.062985088437232,
    "13": 0.062985088437232,
    "14": 0.062985088437232,
    "15": 0.062985088437232,
    "16": 0.06305175510389867,
    "17": 0.062985088437232,
    "18": 0.062985088437232,
    "19": 0.062985088437232,
    "20": 0.062985088437232,
    "21": 0.062985088437232,
    "22": 0.062985088437232,
    "23": 0.062985088437232,
    "24": 0.062985088437232,
    "25": 0.062985088437232,
    "26": 0.062985088437232,
    "27": 0.062985088437232,
    "28": 0.062985088437232,
    "29": 0.062985088437232,
    "30": 0.062985088437232,
    "31": 0.062985088437232,
    "32": 0.062985088437232,
    "33": 0.062985088437232,
    "34": 0.062985088437232,
    "35": 0.062985088437232,
    "36": 0.062985088437232,
    "37": 0.062985088437232,
    "38": 0.062985088437232,
    "39": 0.062985088437232,
    "40": 0.062985088437232,
    "41": 0.062985088437232,
    "42": 0.062985088437232,
    "43": 0.062985088437232,
    "44": 0.062985088437232,
    "45": 0.062985088437232,
    "46": 0.062985088437232,
    "47": 0.062985088437232,
    "48": 0.062985088437232,
    "49": 0.062985088437232,
    "50": 0.062985088437232,
    "51": 0.062985088437232,
    "52": 0.062985088437232,
    "53": 0.062985088437232,
    "54": 0.062985088437232,
    "55": 0.062985088437232,
    "56": 0.062985088437232,
    "57": 0.062985088437232,
    "58": 0.062985088437232,
    "59": 0.062985088437232,
    "60": 0.062985088437232,
    "61": 0.062985088437232,
    "62": 0.062985088437232,
    "63": 0.062985088437232,
    "64": 0.062985088437232,
    "65": 0.062985088437232,
    "66": 0.062985088437232,
    "67": 0.062985088437232,
    "68": 0.062985088437232,
    "69": 0.062985088437232,
    "70": 0.062985088437232,
    "71": 0.062985088437232,
    "72": 0.062985088437232,
    "73": 0.062985088437232,
    "74": 0.062985088437232,
    "75": 0.062985088437232,
    "76": 0.062985088437232,
    "77": 0.06305175510389867,
    "78": 0.062985088437232,
    "79": 0.062985088437232,
    "80": 0.062985088437232,
    "81": 0.062985088437232,
    "82": 0.062985088437232,
    "83": 0.062985088437232,
    "84": 0.062985088437232,
    "85": 0.062985088437232,
    "86": 0.062985088437232,
    "87": 0.062985088437232,
    "88": 0.062985088437232,
    "89": 0.062985088437232,
    "90": 0.062985088437232,
    "91": 0.062985088437232,
    "92": 0.062985088437232,
    "93": 0.062985088437232,
    "94": 0.062985088437232,
    "95": 0.062985088437232,
    "96": 0.062985088437232,
    "97": 0.062985088437232,
    "98": 0.062985088437232,
    "99": 0.062985088437232,
    "100": 0.062985088437232,
    "101": 0.062985088437232,
    "102": 0.062985088437232,
    "103": 0.062985088437232,
    "104": 0.062985088437232,
    "105": 0.062985088437232,
    "106": 0.062985088437232,
    "107": 0.062985088437232,
    "108": 0.062985088437232,
    "109": 0.062985088437232,
    "110": 0.062985088437232,
    "111": 0.062985088437232,
    "112": 0.062985088437232,
    "113": 0.062985088437232,
    "114": 0.062985088437232,
    "115": 0.062985088437232,
    "116": 0.062985088437232,
    "117": 0.062985088437232,
    "118": 0.062985088437232,
    "119": 0.062985088437232,
    "120": 0.062985088437232,
    "121": 0.062985088437232,
    "122": 0.062985088437232,
    "123": 0.062985088437232,
    "124": 0.062985088437232,
    "125": 0.062985088437232,
    "126": 0.062985088437232,
    "127": 0.062985088437232,
    "134": 0.062985088437232,
    "136": 0.062985088437232,
    "140": 0.062985088437232,
    "162": 0.062985088437232,
    "163": 0.062985088437232,
    "177": 0.062985088437232,
    "178": 0.062985088437232,
    "179": 0.062985088437232,
    "180": 0.06305175510389867,
    "181": 0.062985088437232,
    "182": 0.062985088437232,
    "183": 0.06305175510389867,
    "184": 0.062985088437232,
    "2226": 0.3669380795324053,
    "191": 0.062985088437232,
    "210": 0.062985088437232,
    "211": 0.062985088437232,
    "212": 0.062985088437232,
    "213": 0.062985088437232,
    "214": 0.062985088437232,
    "215": 0.062985088437232,
    "216": 0.062985088437232,
    "217": 0.062985088437232,
    "218": 0.062985088437232,
    "219": 0.062985088437232,
    "220": 0.062985088437232,
    "221": 0.062985088437232,
    "222": 0.06305175510389867,
    "223": 0.062985088437232,
    "224": 0.062985088437232,
    "225": 0.062985088437232,
    "226": 0.062985088437232,
    "227": 0.062985088437232,
    "240": 0.062985088437232,
    "241": 0.062985088437232,
    "242": 0.062985088437232,
    "243": 0.062985088437232,
    "279": 0.062985088437232,
    "280": 0.062985088437232,
    "2359": 0.3499229659992213,
    "325": -0.03986918042978246,
    "339": 0.062985088437232,
    "344": 0.062985088437232,
    "347": 0.062985088437232,
    "351": 0.062985088437232,
    "366": 0.062985088437232,
    "368": 0.062985088437232,
    "370": 0.062985088437232,
    "372": 0.041011068579533135,
    "373": 0.062985088437232,
    "416": 0.062985088437232,
    "417": 0.062985088437232,
    "419": 0.062985088437232,
    "420": 0.062985088437232,
    "425": 0.22965175510389865,
    "427": 0.22965175510389865,
    "2481": 0.38146222666559887,
    "446": 0.22965175510389865,
    "450": 0.22965175510389865,
    "455": 0.22965175510389865,
    "463": 0.22965175510389865,
    "464": 0.22965175510389865,
    "2530": 0.3607828636713684,
    "2531": 0.3880819290607313,
    "2546": 0.3712274829228707,
    "2547": 0.38210402838673235,
    "2548": 0.34245405490715597,
    "2550": 0.36463840234697514,
    "2553": 0.3883345514523647,
    "2556": 0.38000422824792307,
    "513": 0.22965175510389865,
    "528": 0.22965175510389865,
    "2607": 0.3414806113995173,
    "2608": 0.3427154880086701,
    "561": 0.22965175510389865,
    "562": 0.22965175510389865,
    "563": 0.22965175510389865,
    "564": 0.22965175510389865,
    "565": 0.22965175510389865,
    "566": 0.22965175510389865,
    "2609": 0.3527435641029732,
    "2615": 0.3414806113995173,
    "2616": 0.3427154880086701,
    "2617": 0.3697061095109258,
    "2618": 0.3414806113995173,
    "2619": 0.3427154880086701,
    "2620": 0.34018022649825114,
    "2624": 0.38518199191942815,
    "2626": 0.32939908274258906,
    "2634": 0.3414806113995173,
    "2635": 0.3427154880086701,
    "2636": 0.37167398443865185,
    "591": 0.22965175510389865,
    "592": 0.22965175510389865,
    "603": 0.22965175510389865,
    "604": 0.22965175510389865,
    "605": 0.22965175510389865,
    "614": 0.22965175510389865,
    "615": 0.22965175510389865,
    "617": 0.2298517551038987,
    "618": 0.22965175510389865,
    "619": 0.2297184217705653,
    "2700": 0.37973819939348824,
    "2702": 0.3963184217705653,
    "703": 0.22965175510389865,
    "704": 0.22965175510389865,
    "705": 0.22965175510389865,
    "711": 0.22965175510389865,
    "712": 0.22965175510389865,
    "724": 0.2183923797740758,
    "725": 0.14561584266446728,
    "726": 0.21446220762803483,
    "729": 0.2177292542622883,
    "730": 0.22541573393401762,
    "731": 0.20088283931150822,
    "733": 0.11880402468790059,
    "734": 0.22178443509406445,
    "735": 0.20928188762206681,
    "736": 0.2214825593601185,
    "2785": 0.3802646903185963,
    "742": 0.21635529784359822,
    "743": 0.2042031174142148,
    "745": 0.21486179540812333,
    "746": 0.21761845555333,
    "747": 0.12852323157275636,
    "2795": 0.38825420471295885,
    "751": 0.21814753862809924,
    "752": 0.20695852756992703,
    "753": 0.20308754963494102,
    "754": 0.1782527003483635,
    "2802": 0.3835785782738616,
    "2805": 0.3884511017607311,
    "758": 0.20972399649754858,
    "760": 0.11427917479186667,
    "761": 0.21242650178122924,
    "2810": 0.3842858188666878,