{
    "1": 0.042745944028929776,
    "2": 0.06312985397667266,
    "3": 0.06312985397667266,
    "4": 0.06312985397667266,
    "5": 0.06312985397667266,
    "6": 0.06312985397667266,
    "8": 0.06312985397667266,
    "9": 0.06312985397667266,
    "2056": 0.06539700773803274,
    "11": 0.06312985397667266,
    "12": 0.06312985397667266,
    "13": 0.06312985397667266,
    "14": 0.06312985397667266,
    "15": 0.06312985397667266,
    "16": 0.06312985397667266,
    "17": 0.06312985397667266,
    "18": 0.06312985397667266,
    "19": 0.06312985397667266,
    "20": 0.06312985397667266,
    "21": 0.06312985397667266,
    "22": 0.06312985397667266,
    "23": 0.06312985397667266,
    "24": 0.06312985397667266,
    "25": 0.06312985397667266,
    "26": 0.06312985397667266,
    "27": 0.06312985397667266,
    "28": 0.06312985397667266,
    "29": 0.06312985397667266,
    "4126": 0.02644627990847335,
    "31": 0.06312985397667266,
    "32": 0.06312985397667266,
    "33": 0.06312985397667266,
    "34": 0.06312985397667266,
    "35": 0.06312985397667266,
    "37": 0.06312985397667266,
    "38": 0.06312985397667266,
    "39": 0.06312985397667266,
    "40": 0.06312985397667266,
    "41": 0.06312985397667266,
    "43": 0.06312985397667266,
    "44": 0.06312985397667266,
    "45": 0.06312985397667266,
    "46": 0.06312985397667266,
    "47": 0.06312985397667266,
    "49": 0.06312985397667266,
    "50": 0.06312985397667266,
    "51": 0.06312985397667266,
    "52": 0.06312985397667266,
    "53": 0.06312985397667266,
    "55": 0.06312985397667266,
    "56": 0.06312985397667266,
    "57": 0.06312985397667266,
    "58": 0.06312985397667266,
    "59": 0.06312985397667266,
    "61": 0.06312985397667266,
    "62": 0.06312985397667266,
    "63": 0.06312985397667266,
    "64": 0.06312985397667266,
    "65": 0.06312985397667266,
    "67": 0.06312985397667266,
    "68": 0.06312985397667266,
    "69": 0.06312985397667266,
    "70": 0.06312985397667266,
    "71": 0.06312985397667266,
    "73": 0.06312985397667266,
    "74": 0.06312985397667266,
    "75": 0.06312985397667266,
    "76": 0.06312985397667266,
    "77": 0.06312985397667266,
    "79": 0.06312985397667266,
    "80": 0.06312985397667266,
    "81": 0.06312985397667266,
    "82": 0.06312985397667266,
    "83": 0.06312985397667266,
    "85": 0.06312985397667266,
    "86": 0.06312985397667266,
    "87": 0.06312985397667266,
    "89": 0.06312985397667266,
    "90": 0.06312985397667266,
    "91": 0.06312985397667266,
    "93": 0.06312985397667266,
    "94": 0.06312985397667266,
    "95": 0.06312985397667266,
    "96": 0.06312985397667266,
    "97": 0.06312985397667266,
    "98": 0.06312985397667266,
    "99": 0.06312985397667266,
    "2142": 0.07701874286556155,
    "102": 0.06312985397667266,
    "103": 0.06312985397667266,
    "104": 0.06312985397667266,
    "105": 0.06312985397667266,
    "106": 0.06312985397667266,
    "107": 0.06312985397667266,
    "108": 0.06312985397667266,
    "111": 0.06312985397667266,
    "112": 0.06312985397667266,
    "113": 0.06312985397667266,
    "114": 0.06312985397667266,
    "2160": 0.06638418069292294,
    "2166": 0.07184695220621634,
    "120": 0.06312985397667266,
    "122": 0.06312985397667266,
    "123": 0.06312985397667266,
    "125": 0.06312985397667266,
    "126": 0.06312985397667266,
    "127": 0.06312985397667266,
    "134": 0.06312985397667266,
    "136": 0.06312985397667266,
    "140": 0.06312985397667266,
    "159": 0.06312985397667266,
    "163": 0.06312985397667266,
    "164": 0.06312985397667266,
    "178": 0.06312985397667266,
    "179": 0.06312985397667266,
    "180": 0.06312985397667266,
    "181": 0.06312985397667266,
    "182": 0.06312985397667266,
    "183": 0.06312985397667266,
    "184": 0.06312985397667266,
    "190": 0.06312985397667266,
    "2245": 0.0660219205392273,
    "2248": 0.07092285198037558,
    "2253": 0.06862997168669548,
    "208": 0.06312985397667266,
    "209": 0.06312985397667266,
    "210": 0.06312985397667266,
    "211": 0.06312985397667266,
    "212": 0.06312985397667266,
    "213": 0.06312985397667266,
    "214": 0.06312985397667266,
    "215": 0.06312985397667266,
    "216": 0.06312985397667266,
    "217": 0.06312985397667266,
    "218": 0.06312985397667266,
    "2258": 0.05422184798196539,
    "220": 0.06312985397667266,
    "221": 0.06319652064333933,
    "222": 0.06312985397667266,
    "223": 0.06312985397667266,
    "224": 0.06312985397667266,
    "225": 0.06312985397667266,
    "2270": 0.06388281025050961,
    "4333": 0.08273527740895369,
    "2294": 0.03521061135640633,
    "4356": 0.11258951864704225,
    "278": 0.06312985397667266,
    "279": 0.06312985397667266,
    "2337": 0.055545593448230714,
    "2341": 0.06868982328946556,
    "6439": 0.22979652064333933,
    "2345": 0.06720470194311119,
    "2348": 0.05686237748834224,
    "2353": 0.06895784545836499,
    "2357": 0.048856751860792635,
    "2366": 0.061017342216331254,
    "324": 0.02147411641216813,
    "343": 0.06312985397667266,
    "354": 0.06312985397667266,
    "6503": 0.22979652064333933,
    "6505": 0.22979652064333933,
    "369": 0.04794053495293211,
    "2431": 0.06535644562864963,
    "2438": 0.06638311913606022,
    "2443": 0.06895784545836499,
    "2447": 0.06928549129315827,
    "2454": 0.03632138365461749,
    "414": 0.06312985397667266,
    "2469": 0.04657834881319021,
    "456": 0.06312985397667266,
    "459": 0.06312985397667266,
    "2518": 0.08760777469476726,
    "2529": 0.05991605402159786,
    "2531": 0.09613452037043864,
    "4586": 0.07053280588592699,
    "495": 0.06312985397667266,
    "2550": 0.10070157443383505,
    "2551": 0.09370676272853151,
    "2553": 0.09467930484619207,
    "2555": 0.08777592299710883,
    "2557": 0.09165421868711114,
    "2561": 0.08457445466379154,
    "6658": 0.28535207619889486,
    "2566": 0.08957028678624672,
    "2567": 0.08737757620997201,
    "2569": 0.0876071984248968,
    "522": 0.06312985397667266,
    "2572": 0.09549400900551748,
    "2574": 0.09673562323614278,
    "2576": 0.09687473302398573,
    "2577": 0.09407604629876032,
    "530": 0.06312985397667266,
    "2579": 0.094160896913838,
    "533": 0.06319652064333933,
    "534": 0.06312985397667266,
    "535": 0.06312985397667266,
    "536": 0.06312985397667266,
    "537": 0.06312985397667266,
    "538": 0.06312985397667266,
    "2587": 0.08826004448914258,
    "2584": 0.09352591306553222,
    "2589": 0.08768440689080977,
    "2608": 0.09632643613447085,
    "2616": 0.06252778095505317,
    "592": 0.06312985397667266,
    "2646": 0.09313422340642741,
    "2661": 0.09433530798999253,
    "2662": 0.08656573290470475,
    "617": 0.06312985397667266,
    "618": 0.06312985397667266,
    "2674": 0.08804927026647225,
    "2677": 0.09647724871981851,
    "630": 0.057658250884133004,
    "631": 0.0008689950840987988,
    "632": 0.051953111594947886,
    "635": 0.05473955680981644,
    "636": 0.05939186698518257,
    "639": -0.04227569615359556,
    "640": 0.05783203309619652,
    "641": 0.04857195198371799,
    "642": 0.05779897913842857,
    "2695": 0.059916153542553745,
    "648": 0.05197495802413655,
    "649": 0.046071440284416704,
    "650": 0.05344244982877374,
    "651": 0.0547394241152086,
    "652": 0.027849384867936467,
    "656": 0.05506683345575069,
    "657": 0.04794335471334868,
    "658": 0.042973488599453345,
    "659": 0.029759635911775,
    "663": -0.02618484876624536,
    "664": 0.05351283386697622,
    "672": 0.05922568477648076,
    "6824": 0.28535207619889486,
    "2730": 0.09647724871981851,
    "2735": 0.03018352113159926,
    "4812": 0.146463187310006,
    "2788": 0.08371956905299155,
    "2792": 0.08312656685225932,
    "2797": 0.10079891856777305,
    "2801": 0.030896842417339504,
    "780": 0.05428754693048407,
    "781": 0.052965048863761015,
    "782": 0.0260461879663119,
    "2856": 0.08869932473288944,
    "6955": 0.31312985397667265,
    "6958": 0.31312985397667265,
    "2884": 0.042483607714004216,
    "2904": 0.08545271036145512,